jonathansmith,Linda Chavez,Derek,Benton,josephperry@example.net,,+1-4257772222,+1-4257772222,0083 Simmons Isle,Jillshire,Oklahoma,56845,Slovenia,"Davis, Diaz and Baker",Chief Strategy Officer,Barrister's clerk,1982-11-05,,,,&2deOgX^X7,,,testgroup
qsmith,Ann Williams,Stacy,Roman,spatterson@example.net,garciajoseph@example.org,+1-4257772222,+1-4257772222,998 Carla Squares Suite 924,Gouldport,Pennsylvania,47138,Yemen,"Garner, Anderson and Mosley","Scientist, clinical (histocompatibility and immunogenetics)","Surveyor, insurance",1923-01-25,,,,(2LlUwTpTb,,,testgroup
lisashaw,Tanner Carter,Stephanie,Erickson,amcfarland@example.com,rcastro@example.net,+1-4257772222,+1-4257772222,813 Simpson Views,Natashaland,Iowa,98505,Sri Lanka,Allen LLC,Theatre stage manager,"Scientist, research (physical sciences)",2011-11-11,,,,2dWme&SX#$,,,testgroup
kirbygregory,Denise Olson,Sharon,Dorsey,cherylhoffman@example.com,badams@example.com,+1-4257772222,+1-4257772222,207 Jonathon Isle,Stevenhaven,Indiana,78343,Oman,Melton-Moore,Dramatherapist,Arts development officer,1917-09-22,,,,Ih+86Aewr+,,,testgroup
swhite,Kimberly Jones,Eric,Lewis,jbennett@example.org,,+1-4257772222,+1-4257772222,69197 Blackburn Well,North Nathan,Hawaii,91204,Botswana,"Williamson, Freeman and Fields",Historic buildings inspector/conservation officer,"Therapist, sports",1987-05-07,,,,g&4GsGYS^9,,,testgroup
khill,William Mayer,Juan,Moyer,timothy39@example.net,,+1-4257772222,+1-4257772222,2945 Mccullough Shore,Brockburgh,Alaska,29145,Greenland,Henderson-Craig,Electrical engineer,Secondary school teacher,1979-12-09,,,,@uCBvmRu@2,,,testgroup
ljones,Joseph Chang,Gregory,Smith,powelljason@example.net,lebrandon@example.com,+1-4257772222,+1-4257772222,394 Griffith Divide Suite 503,Zavalahaven,Ohio,79685,Turkey,Burch Ltd,Heritage manager,Make,1988-05-24,,,,v87J(aT^_G,,,testgroup
castillocarlos,Ashley Vasquez,Carrie,Pineda,troy71@example.net,crystal36@example.net;chentheresa@example.org,+1-4257772222,+1-4257772222,40072 Edwards Coves Suite 249,East Jeremy,Maryland,56713,Turks and Caicos Islands,Knight-Warren,Geoscientist,Housing manager/officer,1926-04-06,,,,53aOPmC$#4,,,testgroup
qdominguez,Stephen Norton,Julie,Cowan,tayloryates@example.org,pchung@example.com;patrickosborne@example.org;taylorthompson@example.org,+1-4257772222,+1-4257772222,478 Cummings Wall Suite 511,Gutierrezmouth,Arizona,78424,Myanmar,Nelson Inc,Phytotherapist,"Engineer, electrical",1965-04-29,,,,#8GjGG!lJ8,,,testgroup
james43,Rhonda Whitaker,Keith,Martin,ksnyder@example.com,lynn46@example.com,+1-4257772222,+1-4257772222,197 Robinson Hollow Apt. 728,North Tammyhaven,New Mexico,46595,Thailand,White Group,Barrister's clerk,Senior tax professional/tax inspector,1970-07-30,,,,#BW3wYIvGJ,,,testgroup
erin29,Wayne Cook,Megan,Johnson,ethomas@example.com,,+1-4257772222,+1-4257772222,54900 Little Ranch,Lake Lawrenceside,Nebraska,03029,Georgia,"Scott, Wilson and Walker",Sales executive,"Production designer, theatre/television/film",1949-09-29,,,,+iqHB3YU9^,,,testgroup
lauren50,Steven Cole,Paul,Floyd,bellalan@example.net,cbonilla@example.net;thomaskaren@example.com;gomezshawna@example.net,+1-4257772222,+1-4257772222,7866 Douglas Alley,East Joe,Virginia,40642,Chile,Andrews PLC,Dispensing optician,"Scientist, research (life sciences)",1982-12-26,,,,N+29Dslm!U,,,testgroup
johnsonian,Angel Butler,Jonathan,Maldonado,bhurst@example.net,juan25@example.org,+1-4257772222,+1-4257772222,9263 Salinas Loop,Brownside,Nevada,01175,Benin,"Rowe, Lindsey and Nichols",Sports coach,"Programmer, multimedia",1927-08-21,,,,Y^0h(JKhj!,,,testgroup
fsteele,Matthew Kramer,Charles,Watson,wendysandoval@example.org,keith66@example.org;oconnoramanda@example.net;freynicholas@example.org,+1-4257772222,+1-4257772222,927 Dominic Spur Apt. 717,New Keith,Massachusetts,98663,Japan,Sims LLC,"Nurse, learning disability","Nurse, mental health",1943-12-28,,,,Xc$8+OGrje,,,testgroup
woodleonard,Ashley Jones,Jackson,Lopez,adriana77@example.org,wongjames@example.net;callahansuzanne@example.org;barnesmegan@example.net,+1-4257772222,+1-4257772222,280 Mcmahon Plains,West Edward,Georgia,13518,Nicaragua,Reed-Davis,"Surveyor, hydrographic","Conservation officer, historic buildings",2002-10-06,,,,2RPmhtQj%d,,,testgroup
erikacarter,Clifford Brooks,Amanda,Campbell,moniqueweaver@example.net,bradleylinda@example.com;john34@example.net;panderson@example.org,+1-4257772222,+1-4257772222,72894 Stephen Fords Suite 191,East Robert,Indiana,02706,Hong Kong,"Shaffer, Alexander and York",Data processing manager,"Civil engineer, consulting",1941-02-10,,,,I3HRyZ03(J,,,testgroup
lovechristopher,Jill Solomon,Christine,Dennis,zrodriguez@example.org,davidfisher@example.com,+1-4257772222,+1-4257772222,011 Willie Villages,Larryland,Indiana,79988,Angola,Smith Ltd,Arts administrator,"Copywriter, advertising",1937-02-26,,,,W3f6ghMl^K,,,testgroup
tsmith,Kenneth Peterson,Lauren,Moreno,hopkinsronald@example.net,michelle70@example.org,+1-4257772222,+1-4257772222,41454 Cook Villages Apt. 819,East Eric,Illinois,33850,Liechtenstein,Davis-Stephens,Visual merchandiser,Quarry manager,1980-11-05,,,,t_g6uDjux+,,,testgroup
michael24,Charles Fuller,Anthony,Thompson,jennifer73@example.com,stewartdonald@example.com;codymorales@example.com,+1-4257772222,+1-4257772222,086 Danielle Oval,Lake Dana,Indiana,35820,Fiji,"Taylor, Fry and Howard",Bonds trader,Education administrator,1950-04-17,,,,_^6uYK1Kge,,,testgroup
jason58,Anthony Snyder,Tracy,Bell,todddaniel@example.org,tammyjackson@example.org,+1-4257772222,+1-4257772222,8896 Rebecca Rue Suite 407,Mcmillanmouth,Pennsylvania,16223,Mauritius,"Wilson, Garcia and Mathis",Holiday representative,"Engineer, water",2005-09-06,,,,&1MrPMoz&H,,,testgroup
vwilson,Cindy Miller,Craig,Thompson,lsingleton@example.net,alicechapman@example.com;marcus01@example.org;krichmond@example.org,+1-4257772222,+1-4257772222,312 Brown Canyon,New Cheryl,Utah,42607,Cambodia,"Carr, Jenkins and Evans",Building surveyor,"Surveyor, building",1970-10-09,,,,g8K8Vp^m#Z,,,testgroup
denise13,Michael Sanders,Eugene,Bentley,schultzkristen@example.com,csmith@example.org,+1-4257772222,+1-4257772222,1212 Butler Stravenue Suite 283,West Connieland,Indiana,61041,Guatemala,Haynes-Sutton,"Production assistant, radio",Aeronautical engineer,1962-08-11,,,,V@I4iy*R+1,,,testgroup
danieljennifer,Vanessa Ross MD,Sarah,Kaufman,mark70@example.com,megan01@example.net;mclaughlinkenneth@example.com;jstephens@example.org,+1-4257772222,+1-4257772222,8552 James Coves Apt. 127,Stevensville,Vermont,63729,Anguilla,Hall-Pham,"Education officer, community","Lecturer, higher education",2006-07-28,,,,(t8MUvqvF$,,,testgroup
lonnieball,David Cooke,Nicholas,Shepard,martineznathan@example.net,reynoldsnatalie@example.com;djohnson@example.org;bbrown@example.net,+1-4257772222,+1-4257772222,10155 Madden Lake Apt. 183,Brownville,Mississippi,53159,Nepal,Williams-Dixon,Dealer,Press photographer,1981-01-10,,,,^0Cwntf6QC,,,testgroup
denise63,Miguel Flores,Jeffrey,Roberts,bdavis@example.org,bethany76@example.net;zvillegas@example.com,+1-4257772222,+1-4257772222,00400 Morris Ports Apt. 709,Port Michaelmouth,Utah,18065,Nauru,"Graves, Velasquez and Griffin",Bookseller,Chartered legal executive (England and Wales),1924-09-12,,,,#Iux91vSc#,,,testgroup
brandon14,Matthew Greene,Nicholas,Carter,cathyjohns@example.net,steven24@example.org;dianasmith@example.com;summerjackson@example.net,+1-4257772222,+1-4257772222,516 Matthew Well Suite 265,Port Julia,Oklahoma,81130,Belgium,"Webb, Hernandez and King",Orthoptist,"Editor, commissioning",1991-02-12,,,,9mj2MgJ!$V,,,testgroup
timothymccullough,Jason Wright,Maureen,Martinez,wmedina@example.org,yharrell@example.com;hernandezjames@example.com,+1-4257772222,+1-4257772222,07173 Amanda Prairie,Hillbury,Washington,58898,Pakistan,Clayton-Powell,Museum/gallery curator,"Scientist, clinical (histocompatibility and immunogenetics)",1997-08-22,,,,_6KlCsES%K,,,testgroup
scottlowery,Kristen Lyons,William,Dennis,monicarice@example.org,deanna44@example.com;victoria72@example.net;moyereric@example.com,+1-4257772222,+1-4257772222,89517 Mccarthy Lane,New Taylor,Mississippi,72813,Pakistan,Reyes PLC,Aid worker,"Scientist, audiological",1927-08-15,,,,*91D&AHk3N,,,testgroup
erivera,Amanda Smith,Michelle,Wise,crogers@example.org,gomezlisa@example.com,+1-4257772222,+1-4257772222,89565 Matthew Centers Suite 398,Marystad,Wisconsin,93137,Nicaragua,Robertson Inc,Computer games developer,Building services engineer,1923-08-23,,,,s##5IrzU7b,,,testgroup
kevinnichols,David Cooper,Caitlin,Crawford,nfisher@example.com,gomezstephanie@example.com,+1-4257772222,+1-4257772222,203 Kevin Stravenue Suite 664,North Catherinemouth,Georgia,77361,Bulgaria,"Flores, Silva and Watts","Surveyor, commercial/residential",Television camera operator,1916-07-24,,,,$9EdqC7z@v,,,testgroup
matthewholmes,Leslie Harrison,Gerald,Wright,arichardson@example.org,swalker@example.org;robinsonjared@example.org;eric16@example.org,+1-4257772222,+1-4257772222,43433 Patel Street,Mccormickshire,Iowa,19468,Aruba,"Mendez, Cannon and Wallace",Multimedia specialist,Higher education careers adviser,1957-06-05,,,,4@L5C(enqT,,,testgroup
nbaldwin,Brittany Bates,Peter,Brown,josephholmes@example.org,kgrant@example.org;meganwhite@example.com,+1-4257772222,+1-4257772222,43879 Lisa Causeway,South Kristybury,Connecticut,59600,Namibia,Jones-Garza,"Pharmacist, hospital",Hotel manager,2020-11-23,,,,x7b2UEHb%P,,,testgroup
loririce,Jose Williams,Cory,Bishop,carrie33@example.org,campbelldavid@example.net;courtney01@example.org,+1-4257772222,+1-4257772222,1314 Collins Isle Apt. 718,Murphyshire,Montana,20995,Greenland,"Nichols, Sanders and Conner",Health and safety adviser,Farm manager,1981-04-08,,,,DO4_Pm!W^k,,,testgroup
wmcdonald,Daniel Alvarez,Kelly,Hester,evansaaron@example.net,tmccarthy@example.com;xthompson@example.org;tara80@example.com,+1-4257772222,+1-4257772222,7209 Brooks Route,Smithmouth,California,27471,Liechtenstein,Robinson LLC,Horticultural consultant,Chief of Staff,1949-08-09,,,,4ZNvYbp&*R,,,testgroup
donna20,Leslie Willis,Kevin,Romero,dianemcbride@example.net,colemanmark@example.org;andrew61@example.com,+1-4257772222,+1-4257772222,720 Moore Gardens,Welchtown,New Jersey,08284,Belgium,"Deleon, Lyons and Mcclain",Arts development officer,Oncologist,1986-06-03,,,,&WrVXrK+%0,,,testgroup
keith89,Calvin Trevino,Carla,Sampson,patrickbryant@example.org,wigginsjonathan@example.org,+1-4257772222,+1-4257772222,53889 Sarah Landing Apt. 373,North Kevin,Maryland,34730,Canada,"Shannon, Jordan and Mitchell",Mudlogger,Holiday representative,1955-12-03,,,,m7AMltiL*3,,,testgroup
allisoncohen,Kathleen Melton,Thomas,Wolf,zamorakenneth@example.com,margarethenson@example.net;walterscarol@example.com,+1-4257772222,+1-4257772222,61412 Mckenzie Grove Suite 072,West William,Maine,83284,Heard Island and McDonald Islands,"Ramsey, Chen and Harvey","Scientist, product/process development",Press photographer,1976-05-07,,,,(Ka*J5kbr6,,,testgroup
fischeralex,Dr. Tracey Ramirez MD,Cynthia,Blake,laurenewing@example.com,,+1-4257772222,+1-4257772222,18070 Matthew Meadow,New Edwinstad,New Hampshire,68035,Azerbaijan,Vasquez-Acosta,Advertising account executive,Chief Operating Officer,1990-07-01,,,,#6SfJ%Qj^A,,,testgroup
jeffreybrown,Jeremy Hardy,Terry,Berry,janet86@example.com,seankirk@example.org;joblair@example.org;melissa74@example.com,+1-4257772222,+1-4257772222,03952 Alison View,North Stephaniebury,Rhode Island,76524,Antigua and Barbuda,"Jennings, Smith and Russell",Food technologist,Aeronautical engineer,1934-10-01,,,,(fN2ERQt(4,,,testgroup
gwright,Christian Dunn,Richard,Jones,monica42@example.net,kleinjared@example.com;davidortiz@example.org,+1-4257772222,+1-4257772222,62693 Alicia Cliff Apt. 348,North Paulmouth,Minnesota,98089,Italy,"Little, Jones and Bryant",Economist,Charity officer,2020-01-01,,,,Kd0pamGu9),,,testgroup
jmorton,Alexander Sellers,Jeffrey,Orozco,xtorres@example.com,roserebecca@example.net;emorales@example.com,+1-4257772222,+1-4257772222,6159 Michelle Lodge Apt. 599,Lake Christophermouth,Montana,55838,Egypt,"Richmond, Jackson and Potter","Scientist, biomedical","Administrator, education",1924-01-19,,,,G*86dSm+M),,,testgroup
matthewsmith,Elizabeth Austin,Michael,Dickson,leslie70@example.com,andersonedwin@example.org;cohenbrenda@example.org,+1-4257772222,+1-4257772222,510 Copeland Knoll Apt. 026,Rickeymouth,New Hampshire,84947,Togo,Mcclure-Sanchez,Ceramics designer,"Engineer, water",1907-07-24,,,,_qrGeWUov5,,,testgroup
emily10,Christopher Thomas,Jodi,Grant,shelley27@example.net,emanning@example.net;rayann@example.com;wellsannette@example.com,+1-4257772222,+1-4257772222,6553 Bates Groves Apt. 231,North Loriside,West Virginia,98424,India,Wright PLC,Adult nurse,Customer service manager,1927-11-03,,,,!0M$$d5oAe,,,testgroup
kristin01,Tasha Morales,Erika,Martinez,julie91@example.com,abarrett@example.com,+1-4257772222,+1-4257772222,1324 Washington Rue,Shannonfort,Nevada,49937,Pakistan,Campbell-Rosario,Commercial horticulturist,Geochemist,1966-05-23,,,,hb8NaaIqK&,,,testgroup
vdaniels,Andres Miranda,Kelly,Smith,richard34@example.org,yschroeder@example.org,+1-4257772222,+1-4257772222,28809 Williams Parks,Lake Emilytown,South Carolina,97139,Montserrat,Flores Group,"Buyer, retail",Arts administrator,1968-09-15,,,,$K2#!Ky^68,,,testgroup
phudson,Michael Chang,Mark,Landry,annmartinez@example.net,,+1-4257772222,+1-4257772222,4324 Love Fields Apt. 471,West Kevin,Oregon,97571,Togo,"Cox, Barron and Diaz","Engineer, maintenance (IT)",Building services engineer,1990-03-30,,,,o4Id%z*p+I,,,testgroup
kheath,Christopher Jones,Candice,Thomas,andrea96@example.net,jasonlee@example.com;deanmelissa@example.com;christophersanchez@example.org,+1-4257772222,+1-4257772222,3669 Mary Plaza,Gonzalesbury,Hawaii,02178,Belize,Whitehead LLC,"Producer, radio",Barrister's clerk,2005-01-12,,,,P2fvRAUl*6,,,testgroup
pattersonamy,Jennifer Luna,Michael,Bowen,townsendjennifer@example.net,tricia04@example.net;rojasjesse@example.org;brianlewis@example.org,+1-4257772222,+1-4257772222,8096 Bailey Ports,Sandershaven,Indiana,00525,Martinique,Riley-Taylor,Tourist information centre manager,Insurance risk surveyor,1951-02-24,,,,TXr!h^fR_4,,,testgroup
jordananthony,Mrs. Melissa Barker,Kimberly,Hughes,cathy75@example.net,ashleycastro@example.com;dennisandrews@example.org;robin28@example.org,+1-4257772222,+1-4257772222,39284 Travis Wells Suite 290,Dylanshire,Rhode Island,70197,British Indian Ocean Territory (Chagos Archipelago),"Davis, Alvarez and Griffin","Engineer, manufacturing systems",Geoscientist,2015-12-14,,,,&h5QRGMFy8,,,testgroup
zmanning,Melissa Scott,Roger,Graham,veronica83@example.org,hernandezgrant@example.org;kimberlypatterson@example.org,+1-4257772222,+1-4257772222,4975 Jamie Mall Suite 625,Lake Catherineburgh,Georgia,94362,Slovakia (Slovak Republic),Greene-Humphrey,Youth worker,Counselling psychologist,1942-03-28,,,,@pJUsYEZL1,,,testgroup
cynthiawoods,Jessica Beard,Cory,Hart,janehill@example.com,rhodesderek@example.org;mark75@example.net,+1-4257772222,+1-4257772222,916 Robert Bridge Suite 877,West Valerieborough,Arizona,92010,Tunisia,Morrison-Clark,Ceramics designer,"Engineer, control and instrumentation",1921-03-01,,,,DZH$bg4*_5,,,testgroup
thompsonjeffrey,Nicole Stephens,Karen,Ibarra,foxwilliam@example.org,mark45@example.org;juliesanders@example.net;ogutierrez@example.net,+1-4257772222,+1-4257772222,857 Beth Corner,Vanessabury,Virginia,30964,Cayman Islands,Smith Inc,Barrister's clerk,Corporate treasurer,1930-03-11,,,,%K4t^AvF$D,,,testgroup
richard65,Cody Oliver,Valerie,Roy,martinezjeffrey@example.com,,+1-4257772222,+1-4257772222,4199 Salazar Parks,Lake Timothyport,Missouri,17253,Germany,Mitchell Group,Landscape architect,Fitness centre manager,1983-02-16,,,,*8OZ01WcO!,,,testgroup
kara92,Casey Adams,Samantha,Stevens,tracy95@example.com,,+1-4257772222,+1-4257772222,07332 Ramos Flats,Perryhaven,Florida,19044,Swaziland,Livingston Group,"Copywriter, advertising",Advertising art director,1990-11-17,,,,X40SLa5es_,,,testgroup
cferguson,Philip Boyle,Ashley,Friedman,nathan66@example.org,monica62@example.org;donald65@example.com;dennismelton@example.net,+1-4257772222,+1-4257772222,7482 Alec Summit,New Nicholas,Maine,90072,Andorra,"Evans, Johnston and Jones",Optometrist,Advertising account executive,1935-01-09,,,,$dP6$O#x6u,,,testgroup
marc10,Ian Lucas,Tiffany,Morgan,johnjenkins@example.com,,+1-4257772222,+1-4257772222,312 Victoria Fords,Lake Laura,Illinois,64651,Peru,"Wall, Garcia and Silva",Office manager,Community development worker,1942-02-10,,,,*eJ7SIIgW^,,,testgroup
davisstacy,Cynthia Hernandez,Tanya,Smith,hollandcharles@example.com,cooleyantonio@example.com;daniel99@example.net,+1-4257772222,+1-4257772222,96811 Laura Glens,Martinezbury,Florida,34010,Saint Vincent and the Grenadines,Newman and Sons,"Engineer, civil (consulting)",Fast food restaurant manager,1925-09-24,,,,AC!1Y1aDCN,,,testgroup
rhondathomas,Amanda Simpson,Nicholas,Garza,jacobscourtney@example.net,jessehunt@example.net;cummingssarah@example.com,+1-4257772222,+1-4257772222,609 Cross Forges,Rayfurt,Nebraska,99429,Oman,"Turner, Patton and Baxter","Surveyor, building control",Economist,1956-03-08,,,,!YZ#p5d9k9,,,testgroup
emilywise,John Kelley,Luke,Lester,nicholsanna@example.com,simschristina@example.com;kevinspears@example.com,+1-4257772222,+1-4257772222,84784 Parker Expressway Suite 463,South Victoria,Nevada,89568,Belgium,White-Brennan,Veterinary surgeon,Data scientist,1925-07-06,,,,o&4fWUVoHx,,,testgroup
mark91,David Hill,Lisa,Lopez,david63@example.org,briggslisa@example.net,+1-4257772222,+1-4257772222,601 Robert Summit,Scottville,Delaware,64788,Sierra Leone,Rubio-Rogers,Control and instrumentation engineer,Teaching laboratory technician,1948-09-22,,,,K256jLun%_,,,testgroup
seanmelendez,Samantha Warner,Leslie,Sanders,sheila56@example.net,marcusguzman@example.com;cohendawn@example.net,+1-4257772222,+1-4257772222,176 Sue Camp,Lake Don,Mississippi,41874,Mauritania,Butler-Simon,Chief Operating Officer,Field seismologist,1916-01-08,,,,29pZ4)ev)Z,,,testgroup
pagetiffany,David Hernandez,Stephen,Garrison,lhamilton@example.com,jennifer54@example.com;curtis04@example.org,+1-4257772222,+1-4257772222,0212 Karen Ville,New Larry,New York,31432,United Kingdom,"Harvey, Stokes and Gray",Production engineer,"Scientist, marine",1983-07-26,,,,)7KmlAnllz,,,testgroup
greenedanielle,Kristine Mahoney,Michelle,Mendez,ksmith@example.com,,+1-4257772222,+1-4257772222,098 Linda Square Apt. 591,Walkerville,North Dakota,39520,American Samoa,"Carter, Medina and Quinn","Engineer, site",Pensions consultant,2019-09-11,,,,CgZ1SdeE+_,,,testgroup
jessicasparks,Jessica Phelps,Mark,Wilson,joelshannon@example.com,lisamayer@example.org;james81@example.org;brianchapman@example.org,+1-4257772222,+1-4257772222,400 Arellano Expressway,Lisaberg,Texas,06034,Spain,Jones Group,Sports coach,Podiatrist,1996-04-15,,,,$)GdwEay&2,,,testgroup
petersencolleen,Stephen Sanchez,Stephanie,Lee,xdonovan@example.org,williamsmichelle@example.com,+1-4257772222,+1-4257772222,0166 Mike Burgs Apt. 550,Medinastad,Idaho,30006,Nepal,"Wheeler, Robinson and Higgins",Best boy,Garment/textile technologist,1975-06-09,,,,W&2NbKYqV(,,,testgroup
shawmichele,Miss Jessica Miller DDS,Brandon,Mccarthy,vbauer@example.net,qmoyer@example.org;colelaurie@example.org;clarkgary@example.org,+1-4257772222,+1-4257772222,02773 Frank Plains Apt. 064,North Patricia,Nevada,21429,Isle of Man,Brown-Black,Building services engineer,"Pharmacist, community",1929-08-12,,,,oA*4WEmHWR,,,testgroup
garygross,Joshua Stevens,Jill,Stevens,michaelmiller@example.com,gonzalezjohn@example.org;ncooper@example.org,+1-4257772222,+1-4257772222,42559 Sarah Circle Suite 783,South Patrick,Vermont,15547,Macao,Fields-Taylor,Forensic psychologist,"Surveyor, insurance",1934-02-14,,,,($d47Vmk9O,,,testgroup
nancy07,Ann Aguilar,Mariah,Norris,rmaldonado@example.com,larsonscott@example.net;sheila46@example.com,+1-4257772222,+1-4257772222,248 Michael Mountain Suite 257,South Jaredhaven,Illinois,15434,Argentina,Vega-Rivas,Colour technologist,"Editor, magazine features",1964-04-18,,,,(!AYf3Vkn6,,,testgroup
patriciamaddox,Cynthia Blanchard,David,Moore,jacksonkaitlin@example.org,,+1-4257772222,+1-4257772222,18951 Jennings Light Suite 359,New Miguelchester,Arkansas,97360,Cyprus,Brown Inc,Magazine features editor,Tourism officer,1960-07-21,,,,7)Z6*X*jD*,,,testgroup
garyjones,Dustin Kelley,Douglas,King,brucesims@example.org,christopherchavez@example.com;davidsmith@example.com;melissanichols@example.com,+1-4257772222,+1-4257772222,7374 Rodriguez Union,South Steve,Rhode Island,53678,Trinidad and Tobago,Coleman-Graham,Child psychotherapist,"Runner, broadcasting/film/video",1935-07-06,,,,N283&hEv^r,,,testgroup
gomezdonald,Bethany Pittman,Amy,Hall,samanthasaunders@example.net,taylor90@example.com;bpatel@example.com;lmueller@example.com,+1-4257772222,+1-4257772222,1547 Lewis Hills,North Chelsea,Idaho,70317,Saint Lucia,"Fleming, Estes and Rodriguez","Doctor, general practice",Immigration officer,1931-12-23,,,,n(3AVU2cvk,,,testgroup
cruzhector,Rodney Blake,Frank,Brennan,nancysimmons@example.com,cspencer@example.org,+1-4257772222,+1-4257772222,507 Natalie Spur Suite 407,New Victoriafort,Mississippi,41797,France,"Campbell, Farley and Mclean","Designer, interior/spatial",Contracting civil engineer,1973-07-10,,,,#O5oRmNfh(,,,testgroup
joyceorozco,Amanda Nelson,Corey,Gomez,josephramos@example.com,charmon@example.com;kingmichael@example.net,+1-4257772222,+1-4257772222,156 Amber Gardens Suite 207,Port Sydneyside,Connecticut,86464,Switzerland,"Prince, Smith and Smith",Medical illustrator,Estate agent,2023-02-23,,,,AmlOU%xG_7,,,testgroup
joshuapreston,Michael Reeves,Rachel,Williams,kylewilliams@example.org,timothy78@example.net;gutierrezjonathan@example.com,+1-4257772222,+1-4257772222,291 Bob Vista,Port Erik,Ohio,18702,Finland,Martinez-Williams,Retail buyer,Lawyer,1974-04-18,,,,0M)Vx0Lyt@,,,testgroup
robertcase,Jennifer Abbott,Kimberly,Johnson,ssmith@example.net,,+1-4257772222,+1-4257772222,004 Cohen Mountains,New Catherineburgh,North Carolina,69942,Moldova,Zimmerman LLC,Accounting technician,Colour technologist,1981-03-31,,,,q1uirG(v+f,,,testgroup
qwest,Joseph Richardson,Jeffrey,Juarez,martinezbridget@example.com,,+1-4257772222,+1-4257772222,622 Crystal Walk,Danielshire,Maryland,48342,Vanuatu,Cox-Steele,Advice worker,Jewellery designer,2005-10-26,,,,!9iDDjy(Gj,,,testgroup
scardenas,Robert Farrell,Marc,Butler,crystal31@example.com,moramallory@example.net;karendavis@example.org,+1-4257772222,+1-4257772222,07193 Johnson Street Suite 731,West Richard,Arkansas,63397,Bermuda,"Jackson, Daniels and Davis",Herpetologist,Financial risk analyst,1932-01-30,,,,dQv1HrKiP@,,,testgroup
jacqueline40,Derek Stephens,Gregory,Jordan,harrisangela@example.com,gloverkeith@example.net;johnny93@example.com;joseph72@example.net,+1-4257772222,+1-4257772222,017 Casey Trail Apt. 612,Flowersshire,Rhode Island,13685,Marshall Islands,"Woods, Kennedy and Ross","Therapist, occupational",Writer,1958-11-17,,,,0Y7Bmypmk+,,,testgroup
vbrewer,Megan Roberts,Phillip,Dennis,juanrodriguez@example.com,george86@example.org;bcox@example.org,+1-4257772222,+1-4257772222,73902 Ryan Flats,West Rebecca,North Dakota,59302,United States Minor Outlying Islands,Miller LLC,Secretary/administrator,"Programmer, multimedia",1968-02-13,,,,mLAs4PGw*1,,,testgroup
brian40,Nicholas Mooney,Julie,Hawkins,paul24@example.net,,+1-4257772222,+1-4257772222,13028 Gregory Crossing Apt. 689,Brittanychester,New Mexico,24160,Martinique,"Nelson, Carter and Jones",Health and safety inspector,Logistics and distribution manager,1949-09-06,,,,)gGapC7D#8,,,testgroup
anthony13,Jessica Erickson,Mikayla,Snyder,zimmermanelizabeth@example.net,sjohnston@example.net,+1-4257772222,+1-4257772222,251 Samuel Port,Hornland,Maine,63781,Gambia,"Thompson, Rodriguez and Anderson",Geophysical data processor,Geophysicist/field seismologist,1944-05-16,,,,z6WNl8eO!s,,,testgroup
heather25,Pam Jenkins,Jennifer,Lee,jenniferjacobs@example.org,donaldsharp@example.com;ychang@example.org,+1-4257772222,+1-4257772222,6422 Soto Junctions,Lake Anna,Kansas,61767,United Arab Emirates,"Berry, Wilson and Hernandez",Police officer,Chief Financial Officer,1945-01-01,,,,Q9smbBs0!0,,,testgroup
katelyncrawford,Joshua Mccarty,Alicia,Thornton,ymendez@example.net,michael38@example.com;shortfrederick@example.net,+1-4257772222,+1-4257772222,771 Jessica Meadows,Deannatown,New Jersey,56049,Micronesia,Sutton-Hodge,Meteorologist,"Engineer, manufacturing systems",1915-06-22,,,,Q8*RpAaD*5,,,testgroup
madisonrodriguez,David Thomas,Jordan,Crawford,tylerhowell@example.com,lynnlinda@example.org,+1-4257772222,+1-4257772222,71435 Jensen Rapids Suite 026,South Allisonton,Arkansas,40747,Myanmar,Middleton Inc,Education administrator,Hotel manager,1966-06-28,,,,g0PE*0zt#M,,,testgroup
valenzuelabilly,James Patterson,Victor,Johnson,dunnmelanie@example.org,whiteeric@example.org;uburns@example.org,+1-4257772222,+1-4257772222,64961 Daniel Mall Apt. 530,South Melissaville,Michigan,47817,Ethiopia,Rose PLC,Human resources officer,Museum/gallery conservator,2004-04-22,,,,%e#qGD_*d9,,,testgroup
kathryn96,Amanda Bernard,Heather,Miller,ublackburn@example.org,carl65@example.net;tserrano@example.org;elizabethhumphrey@example.com,+1-4257772222,+1-4257772222,4261 Arnold Radial,Lake Andrew,South Carolina,67580,French Southern Territories,Ferguson-Parker,Museum education officer,Soil scientist,2007-01-06,,,,+wX2U9McLs,,,testgroup
kyleshields,Mark Blake,Leonard,Buckley,robinwhite@example.org,,+1-4257772222,+1-4257772222,43046 Mackenzie Lodge Apt. 078,Andersonton,North Dakota,00893,Isle of Man,"Rodriguez, Herrera and Jenkins","Teacher, primary school","Engineer, site",1979-12-05,,,,8Dj2+Vzxr&,,,testgroup
joneslori,Mary Hood,Michael,Graham,joshuakennedy@example.net,,+1-4257772222,+1-4257772222,81784 Zachary Streets Suite 255,Georgefurt,New York,45762,Isle of Man,Hamilton PLC,Accounting technician,Radio producer,2020-12-09,,,,%T1cDHcA^h,,,testgroup
christopher24,Craig Schwartz,Sharon,Sullivan,rbarrett@example.com,benjamin86@example.com;npatterson@example.com,+1-4257772222,+1-4257772222,82183 James Land,West Davidview,Hawaii,95759,French Guiana,Delgado LLC,Horticultural consultant,Theatre director,1953-06-07,,,,A3PgI&TD@d,,,testgroup
chris34,Andrew Miller,Scott,Roth,rebeccaweber@example.org,,+1-4257772222,+1-4257772222,334 Teresa Keys Suite 410,North Matthewville,Hawaii,83225,Jersey,Gill-Cameron,Legal executive,Visual merchandiser,1994-06-01,,,,#sMpyZR8_9,,,testgroup
kenneth97,Alan Brown,Deborah,Smith,jeffersonrichard@example.net,patriciafigueroa@example.com;jodi79@example.net;bgreen@example.com,+1-4257772222,+1-4257772222,47661 Warren Trail Suite 953,East Johnfort,Oregon,93833,Senegal,"Benton, Rodriguez and Stewart",English as a second language teacher,Scientific laboratory technician,1915-06-04,,,,!2EUt3QNR4,,,testgroup
anthony79,Frederick Drake MD,Andrea,Weeks,shawann@example.org,,+1-4257772222,+1-4257772222,183 David Cliffs,South Anita,New York,03093,Cape Verde,"Jimenez, Sanchez and Torres","Scientist, forensic","Designer, fashion/clothing",1907-08-09,,,,^jt*M_nSw9,,,testgroup
grantmackenzie,Charles Scott,Jennifer,Weaver,nicole74@example.com,keithalvarez@example.net;rachelcampbell@example.net;esantiago@example.org,+1-4257772222,+1-4257772222,97968 Chad Causeway Suite 916,Perrychester,Nebraska,39821,Belgium,"Blackburn, Sullivan and Smith",Hospital doctor,Technical brewer,1952-02-16,,,,z+xN0sLos7,,,testgroup
gberger,Fernando Bell,Ian,Savage,nburns@example.net,wmatthews@example.com;phelpsrachel@example.com;christopherdixon@example.org,+1-4257772222,+1-4257772222,388 Steven Trace Suite 532,South Ashleyville,Missouri,59230,Moldova,Mitchell-Moore,Occupational psychologist,Communications engineer,1934-07-20,,,,PX6CFmOu@k,,,testgroup
tara22,Danny Carter,Ryan,Soto,stran@example.net,rachel38@example.org,+1-4257772222,+1-4257772222,56967 Perry Crest Apt. 243,West Jakebury,Montana,94015,Afghanistan,Johnson-Mcdaniel,Industrial/product designer,Careers information officer,1976-07-21,,,,PN3LAuWty!,,,testgroup
wbishop,Chad Jones,John,Mooney,david67@example.com,,+1-4257772222,+1-4257772222,987 Alyssa Roads,Arellanoland,Texas,70644,Cyprus,Ellis-Parsons,"Therapist, occupational",Sports administrator,1922-02-17,,,,88JLVp(O%d,,,testgroup
william15,James Fletcher,Danielle,Newman,jamesjuan@example.org,johnmartinez@example.com;leemichael@example.org;brian15@example.org,+1-4257772222,+1-4257772222,4053 Torres Estate,Gallowaymouth,North Dakota,03661,Singapore,"Sloan, Haynes and Wade","Geologist, wellsite","Librarian, public",1928-02-23,,,,(*34UKUwlM,,,testgroup
simmonsspencer,Luis Cabrera,John,Wright,anna80@example.net,fbrown@example.net;valeriejackson@example.net,+1-4257772222,+1-4257772222,0458 Thompson Squares Apt. 787,Lake Shannontown,Delaware,30291,Northern Mariana Islands,Garcia Ltd,Metallurgist,Building surveyor,1936-03-07,,,,!49YA7j3+6,,,testgroup
shortsteven,Joshua Sweeney,John,Haas,powens@example.com,,+1-4257772222,+1-4257772222,60744 Beverly Mountain Suite 782,Dunlaptown,Vermont,47153,Bangladesh,Simpson-Price,"Engineer, manufacturing systems","Journalist, broadcasting",1985-05-30,,,,A+4PXaIerw,,,testgroup
jonestravis,Steven Lopez,Yolanda,Jones,harveykenneth@example.net,katherinelopez@example.org;bobbyarellano@example.net,+1-4257772222,+1-4257772222,613 Conley Ports,Jamesmouth,Arkansas,35737,Congo,Evans-Love,Lexicographer,Media buyer,1946-12-29,,,,+(P0K7Si1c,,,testgroup
